Query String,Execution Time (ms),Error Message,Created At,Updated At
hello,0,No Errors,2024-12-12 10:23:16Z,2024-12-12 10:23:16Z
hello,0,No Errors,2024-12-12 10:23:50Z,2024-12-12 10:23:50Z
hello,0,No Errors,2024-12-12 10:24:49Z,2024-12-12 10:24:49Z
hello,0,No Errors,2024-12-12 10:59:35Z,2024-12-12 10:59:35Z
hello,0,2024-12-12 10:23:16Z,2024-12-12 10:23:16Z
hello,0,2024-12-12 10:23:50Z,2024-12-12 10:23:50Z
hello,0,2024-12-12 10:24:49Z,2024-12-12 10:24:49Z
hello,0,2024-12-12 10:59:35Z,2024-12-12 10:59:35Z
hello,0,2024-12-12 11:24:05Z,2024-12-12 11:24:05Z
hello,0,2024-12-12 10:23:16Z,2024-12-12 10:23:16Z
hello,0,2024-12-12 10:23:50Z,2024-12-12 10:23:50Z
hello,0,2024-12-12 10:24:49Z,2024-12-12 10:24:49Z
hello,0,2024-12-12 10:59:35Z,2024-12-12 10:59:35Z
hello,0,2024-12-12 11:24:05Z,2024-12-12 11:24:05Z
